cloud_seed,permutation,tsi,tsi_perfect,mnn_all_scales,minimum_mnn,equivalent
0,01234,1.0,True,True,1.0,True
0,01243,0.43333333333333335,False,False,0.0,True
0,01324,0.8333333333333334,False,False,0.0,True
0,01342,0.3333333333333333,False,False,0.0,True
0,01423,0.3333333333333333,False,False,0.0,True
0,01432,0.3,False,False,0.0,True
0,02134,0.5,False,False,0.0,True
0,02143,0.5333333333333333,False,False,0.0,True
0,02314,0.4666666666666667,False,False,0.0,True
0,02341,0.36666666666666664,False,False,0.0,True
0,02413,0.5666666666666667,False,False,0.0,True
0,02431,0.4,False,False,0.0,True
0,03124,0.4666666666666667,False,False,0.0,True
0,03142,0.5666666666666667,False,False,0.0,True
0,03214,0.43333333333333335,False,False,0.0,True
0,03241,0.4,False,False,0.0,True
0,03412,0.6,False,False,0.0,True
0,03421,0.43333333333333335,False,False,0.0,True
0,04123,0.36666666666666664,False,False,0.0,True
0,04132,0.4,False,False,0.0,True
0,04213,0.4,False,False,0.0,True
0,04231,0.8333333333333334,False,False,0.6666666666666666,True
0,04312,0.43333333333333335,False,False,0.0,True
0,04321,0.7333333333333333,False,False,0.0,True
0,10234,0.43333333333333335,False,False,0.0,True
0,10243,0.3333333333333333,False,False,0.0,True
0,10324,0.4666666666666667,False,False,0.0,True
0,10342,0.5,False,False,0.0,True
0,10423,0.5,False,False,0.0,True
0,10432,0.6666666666666666,False,False,0.0,True
0,12034,0.4666666666666667,False,False,0.0,True
0,12043,0.43333333333333335,False,False,0.0,True
0,12304,0.43333333333333335,False,False,0.0,True
0,12340,0.5333333333333333,False,False,0.0,True
0,12403,0.6,False,False,0.0,True
0,12430,0.7,False,False,0.0,True
0,13024,0.5,False,False,0.0,True
0,13042,0.4666666666666667,False,False,0.0,True
0,13204,0.4,False,False,0.0,True
0,13240,0.43333333333333335,False,False,0.0,True
0,13402,0.6333333333333333,False,False,0.0,True
0,13420,0.6,False,False,0.0,True
0,14023,0.5333333333333333,False,False,0.0,True
0,14032,0.5,False,False,0.0,True
0,14203,0.43333333333333335,False,False,0.0,True
0,14230,0.4666666666666667,False,False,0.0,True
0,14302,0.4666666666666667,False,False,0.0,True
0,14320,0.5,False,False,0.0,True
0,20134,0.4666666666666667,False,False,0.0,True
0,20143,0.43333333333333335,False,False,0.0,True
0,20314,0.5,False,False,0.0,True
0,20341,0.5333333333333333,False,False,0.0,True
0,20413,0.4666666666666667,False,False,0.0,True
0,20431,0.5,False,False,0.0,True
0,21034,0.8333333333333334,False,False,0.0,True
0,21043,0.3333333333333333,False,False,0.0,True
0,21304,0.8,False,False,0.0,True
0,21340,0.43333333333333335,False,False,0.0,True
0,21403,0.3,False,False,0.0,True
0,21430,0.4,False,False,0.0,True
0,23014,0.4666666666666667,False,False,0.0,True
0,23041,0.43333333333333335,False,False,0.0,True
0,23104,0.43333333333333335,False,False,0.0,True
0,23140,0.5333333333333333,False,False,0.0,True
0,23401,0.4,False,False,0.0,True
0,23410,0.5666666666666667,False,False,0.0,True
0,24013,0.43333333333333335,False,False,0.0,True
0,24031,0.8,False,False,0.0,True
0,24103,0.3333333333333333,False,False,0.0,True
0,24130,0.36666666666666664,False,False,0.0,True
0,24301,0.7,False,False,0.0,True
0,24310,0.4,False,False,0.0,True
0,30124,0.43333333333333335,False,False,0.0,True
0,30142,0.6,False,False,0.0,True
0,30214,0.4,False,False,0.0,True
0,30241,0.43333333333333335,False,False,0.0,True
0,30412,0.6333333333333333,False,False,0.0,True
0,30421,0.4666666666666667,False,False,0.0,True
0,31024,0.8,False,False,0.0,True
0,31042,0.3,False,False,0.0,True
0,31204,0.8333333333333334,False,False,0.0,True
0,31240,0.4666666666666667,False,False,0.0,True
0,31402,0.2,False,False,0.0,True
0,31420,0.36666666666666664,False,False,0.0,True
0,32014,0.43333333333333335,False,False,0.0,True
0,32041,0.3333333333333333,False,False,0.0,True
0,32104,0.4,False,False,0.0,True
0,32140,0.6333333333333333,False,False,0.0,True
0,32401,0.3,False,False,0.0,True
0,32410,0.6666666666666666,False,False,0.0,True
0,34012,0.4,False,False,0.0,True
0,34021,0.7,False,False,0.0,True
0,34102,0.3,False,False,0.0,True
0,34120,0.3333333333333333,False,False,0.0,True
0,34201,0.7333333333333333,False,False,0.0,True
0,34210,0.43333333333333335,False,False,0.0,True
0,40123,0.5333333333333333,False,False,0.0,True
0,40132,0.7,False,False,0.0,True
0,40213,0.43333333333333335,False,False,0.0,True
0,40231,0.4666666666666667,False,False,0.0,True
0,40312,0.6,False,False,0.0,True
0,40321,0.5,False,False,0.0,True
0,41023,0.43333333333333335,False,False,0.0,True
0,41032,0.4,False,False,0.0,True
0,41203,0.4666666666666667,False,False,0.0,True
0,41230,0.5,False,False,0.0,True
0,41302,0.36666666666666664,False,False,0.0,True
0,41320,0.5333333333333333,False,False,0.0,True
0,42013,0.5333333333333333,False,False,0.0,True
0,42031,0.36666666666666664,False,False,0.0,True
0,42103,0.6333333333333333,False,False,0.0,True
0,42130,0.7333333333333333,False,False,0.0,True
0,42301,0.3333333333333333,False,False,0.0,True
0,42310,0.6333333333333333,False,False,0.0,True
0,43012,0.5666666666666667,False,False,0.0,True
0,43021,0.4,False,False,0.0,True
0,43102,0.6666666666666666,False,False,0.0,True
0,43120,0.6333333333333333,False,False,0.0,True
0,43201,0.43333333333333335,False,False,0.0,True
0,43210,0.5333333333333333,False,False,0.0,True
1,01234,1.0,True,True,1.0,True
1,01243,0.7,False,False,0.0,True
1,01324,0.6333333333333333,False,False,0.0,True
1,01342,0.4666666666666667,False,False,0.0,True
1,01423,0.4666666666666667,False,False,0.0,True
1,01432,0.43333333333333335,False,False,0.0,True
1,02134,0.8333333333333334,False,False,0.0,True
1,02143,0.6,False,False,0.0,True
1,02314,0.6666666666666666,False,False,0.0,True
1,02341,0.43333333333333335,False,False,0.0,True
1,02413,0.5666666666666667,False,False,0.0,True
1,02431,0.4,False,False,0.0,True
1,03124,0.6666666666666666,False,False,0.0,True
1,03142,0.5666666666666667,False,False,0.0,True
1,03214,0.7,False,False,0.0,True
1,03241,0.5333333333333333,False,False,0.0,True
1,03412,0.4666666666666667,False,False,0.0,True
1,03421,0.43333333333333335,False,False,0.0,True
1,04123,0.43333333333333335,False,False,0.0,True
1,04132,0.4,False,False,0.0,True
1,04213,0.5333333333333333,False,False,0.0,True
1,04231,0.43333333333333335,False,False,0.0,True
1,04312,0.43333333333333335,False,False,0.0,True
1,04321,0.4,False,False,0.0,True
1,10234,0.6333333333333333,False,False,0.0,True
1,10243,0.4666666666666667,False,False,0.0,True
1,10324,0.5333333333333333,False,False,0.0,True
1,10342,0.3,False,False,0.0,True
1,10423,0.3,False,False,0.0,True
1,10432,0.13333333333333333,False,False,0.0,True
1,12034,0.6666666666666666,False,False,0.0,True
1,12043,0.5,False,False,0.0,True
1,12304,0.5666666666666667,False,False,0.0,True
1,12340,0.5333333333333333,False,False,0.0,True
1,12403,0.3333333333333333,False,False,0.0,True
1,12430,0.43333333333333335,False,False,0.0,True
1,13024,0.43333333333333335,False,False,0.0,True
1,13042,0.26666666666666666,False,False,0.0,True
1,13204,0.6,False,False,0.0,True
1,13240,0.5666666666666667,False,False,0.0,True
1,13402,0.43333333333333335,False,False,0.0,True
1,13420,0.5333333333333333,False,False,0.0,True
1,14023,0.26666666666666666,False,False,0.0,True
1,14032,0.23333333333333334,False,False,0.0,True
1,14203,0.3,False,False,0.0,True
1,14230,0.4666666666666667,False,False,0.0,True
1,14302,0.4,False,False,0.0,True
1,14320,0.5,False,False,0.0,True
1,20134,0.6666666666666666,False,False,0.0,True
1,20143,0.5,False,False,0.0,True
1,20314,0.43333333333333335,False,False,0.0,True
1,20341,0.26666666666666666,False,False,0.0,True
1,20413,0.26666666666666666,False,False,0.0,True
1,20431,0.23333333333333334,False,False,0.0,True
1,21034,0.7,False,False,0.0,True
1,21043,0.5333333333333333,False,False,0.0,True
1,21304,0.6,False,False,0.0,True
1,21340,0.5666666666666667,False,False,0.0,True
1,21403,0.36666666666666664,False,False,0.0,True
1,21430,0.4666666666666667,False,False,0.0,True
1,23014,0.6,False,False,0.0,True
1,23041,0.36666666666666664,False,False,0.0,True
1,23104,0.6333333333333333,False,False,0.0,True
1,23140,0.6,False,False,0.0,True
1,23401,0.26666666666666666,False,False,0.0,True
1,23410,0.5,False,False,0.0,True
1,24013,0.36666666666666664,False,False,0.0,True
1,24031,0.3333333333333333,False,False,0.0,True
1,24103,0.3333333333333333,False,False,0.0,True
1,24130,0.5,False,False,0.0,True
1,24301,0.23333333333333334,False,False,0.0,True
1,24310,0.4666666666666667,False,False,0.0,True
1,30124,0.5666666666666667,False,False,0.0,True
1,30142,0.3333333333333333,False,False,0.0,True
1,30214,0.6,False,False,0.0,True
1,30241,0.3,False,False,0.0,True
1,30412,0.43333333333333335,False,False,0.0,True
1,30421,0.4,False,False,0.0,True
1,31024,0.6,False,False,0.0,True
1,31042,0.36666666666666664,False,False,0.0,True
1,31204,0.6333333333333333,False,False,0.0,True
1,31240,0.6,False,False,0.0,True
1,31402,0.4666666666666667,False,False,0.0,True
1,31420,0.7,False,False,0.0,True
1,32014,0.6333333333333333,False,False,0.0,True
1,32041,0.3333333333333333,False,False,0.0,True
1,32104,0.7333333333333333,False,False,0.0,True
1,32140,0.6333333333333333,False,False,0.0,True
1,32401,0.43333333333333335,False,False,0.0,True
1,32410,0.5333333333333333,False,False,0.0,True
1,34012,0.26666666666666666,False,False,0.0,True
1,34021,0.23333333333333334,False,False,0.0,True
1,34102,0.43333333333333335,False,False,0.0,True
1,34120,0.6,False,False,0.0,True
1,34201,0.3333333333333333,False,False,0.0,True
1,34210,0.43333333333333335,False,False,0.0,True
1,40123,0.5333333333333333,False,False,0.0,True
1,40132,0.43333333333333335,False,False,0.0,True
1,40213,0.5666666666666667,False,False,0.0,True
1,40231,0.4666666666666667,False,False,0.0,True
1,40312,0.5333333333333333,False,False,0.0,True
1,40321,0.5,False,False,0.0,True
1,41023,0.5666666666666667,False,False,0.0,True
1,41032,0.4666666666666667,False,False,0.0,True
1,41203,0.6,False,False,0.0,True
1,41230,0.6333333333333333,False,False,0.0,True
1,41302,0.7,False,False,0.0,True
1,41320,0.8666666666666667,False,False,0.0,True
1,42013,0.6,False,False,0.0,True
1,42031,0.5,False,False,0.0,True
1,42103,0.6333333333333333,False,False,0.0,True
1,42130,0.6666666666666666,False,False,0.0,True
1,42301,0.6,False,False,0.0,True
1,42310,0.7666666666666667,False,False,0.0,True
1,43012,0.5,False,False,0.0,True
1,43021,0.4666666666666667,False,False,0.0,True
1,43102,0.5333333333333333,False,False,0.0,True
1,43120,0.7666666666666667,False,False,0.0,True
1,43201,0.43333333333333335,False,False,0.0,True
1,43210,0.6666666666666666,False,False,0.0,True
2,01234,1.0,True,True,1.0,True
2,01243,0.7,False,False,0.0,True
2,01324,0.6333333333333333,False,False,0.0,True
2,01342,0.4,False,False,0.0,True
2,01423,0.4,False,False,0.0,True
2,01432,0.3,False,False,0.0,True
2,02134,0.8333333333333334,False,False,0.0,True
2,02143,0.7333333333333333,False,False,0.0,True
2,02314,0.4666666666666667,False,False,0.0,True
2,02341,0.3,False,False,0.0,True
2,02413,0.5,False,False,0.0,True
2,02431,0.4,False,False,0.0,True
2,03124,0.4666666666666667,False,False,0.0,True
2,03142,0.5,False,False,0.0,True
2,03214,0.36666666666666664,False,False,0.0,True
2,03241,0.4,False,False,0.0,True
2,03412,0.6666666666666666,False,False,0.0,True
2,03421,0.6333333333333333,False,False,0.0,True
2,04123,0.3,False,False,0.0,True
2,04132,0.4,False,False,0.0,True
2,04213,0.4,False,False,0.0,True
2,04231,0.5,False,False,0.0,True
2,04312,0.6333333333333333,False,False,0.0,True
2,04321,0.6,False,False,0.0,True
2,10234,0.7666666666666667,False,False,0.0,True
2,10243,0.5333333333333333,False,False,0.0,True
2,10324,0.6666666666666666,False,False,0.0,True
2,10342,0.43333333333333335,False,False,0.0,True
2,10423,0.43333333333333335,False,False,0.0,True
2,10432,0.3333333333333333,False,False,0.0,True
2,12034,0.7333333333333333,False,False,0.0,True
2,12043,0.7,False,False,0.0,True
2,12304,0.5666666666666667,False,False,0.0,True
2,12340,0.26666666666666666,False,False,0.0,True
2,12403,0.6666666666666666,False,False,0.0,True
2,12430,0.43333333333333335,False,False,0.0,True
2,13024,0.5666666666666667,False,False,0.0,True
2,13042,0.4666666666666667,False,False,0.0,True
2,13204,0.4666666666666667,False,False,0.0,True
2,13240,0.3,False,False,0.0,True
2,13402,0.5666666666666667,False,False,0.0,True
2,13420,0.6,False,False,0.0,True
2,14023,0.4,False,False,0.0,True
2,14032,0.3,False,False,0.0,True
2,14203,0.5,False,False,0.0,True
2,14230,0.4666666666666667,False,False,0.0,True
2,14302,0.5333333333333333,False,False,0.0,True
2,14320,0.5666666666666667,False,False,0.0,True
2,20134,0.7333333333333333,False,False,0.0,True
2,20143,0.7,False,False,0.0,True
2,20314,0.5666666666666667,False,False,0.0,True
2,20341,0.4,False,False,0.0,True
2,20413,0.4666666666666667,False,False,0.0,True
2,20431,0.3,False,False,0.0,True
2,21034,0.7666666666666667,False,False,0.0,True
2,21043,0.7333333333333333,False,False,0.0,True
2,21304,0.6,False,False,0.0,True
2,21340,0.36666666666666664,False,False,0.0,True
2,21403,0.5666666666666667,False,False,0.0,True
2,21430,0.3333333333333333,False,False,0.0,True
2,23014,0.4,False,False,0.0,True
2,23041,0.43333333333333335,False,False,0.0,True
2,23104,0.43333333333333335,False,False,0.0,True
2,23140,0.4666666666666667,False,False,0.0,True
2,23401,0.6,False,False,0.0,True
2,23410,0.6333333333333333,False,False,0.0,True
2,24013,0.43333333333333335,False,False,0.0,True
2,24031,0.26666666666666666,False,False,0.0,True
2,24103,0.4666666666666667,False,False,0.0,True
2,24130,0.43333333333333335,False,False,0.0,True
2,24301,0.5666666666666667,False,False,0.0,True
2,24310,0.6,False,False,0.0,True
2,30124,0.5666666666666667,False,False,0.0,True
2,30142,0.6666666666666666,False,False,0.0,True
2,30214,0.4666666666666667,False,False,0.0,True
2,30241,0.5,False,False,0.0,True
2,30412,0.5666666666666667,False,False,0.0,True
2,30421,0.5333333333333333,False,False,0.0,True
2,31024,0.6,False,False,0.0,True
2,31042,0.5666666666666667,False,False,0.0,True
2,31204,0.5666666666666667,False,False,0.0,True
2,31240,0.4666666666666667,False,False,0.0,True
2,31402,0.3333333333333333,False,False,0.0,True
2,31420,0.36666666666666664,False,False,0.0,True
2,32014,0.43333333333333335,False,False,0.0,True
2,32041,0.4666666666666667,False,False,0.0,True
2,32104,0.4666666666666667,False,False,0.0,True
2,32140,0.5,False,False,0.0,True
2,32401,0.43333333333333335,False,False,0.0,True
2,32410,0.4,False,False,0.0,True
2,34012,0.6,False,False,0.0,True
2,34021,0.5666666666666667,False,False,0.0,True
2,34102,0.43333333333333335,False,False,0.0,True
2,34120,0.4666666666666667,False,False,0.0,True
2,34201,0.5333333333333333,False,False,0.0,True
2,34210,0.5,False,False,0.0,True
2,40123,0.26666666666666666,False,False,0.0,True
2,40132,0.43333333333333335,False,False,0.0,True
2,40213,0.3,False,False,0.0,True
2,40231,0.4666666666666667,False,False,0.0,True
2,40312,0.6,False,False,0.0,True
2,40321,0.5666666666666667,False,False,0.0,True
2,41023,0.36666666666666664,False,False,0.0,True
2,41032,0.3333333333333333,False,False,0.0,True
2,41203,0.4666666666666667,False,False,0.0,True
2,41230,0.5,False,False,0.0,True
2,41302,0.36666666666666664,False,False,0.0,True
2,41320,0.4,False,False,0.0,True
2,42013,0.4666666666666667,False,False,0.0,True
2,42031,0.43333333333333335,False,False,0.0,True
2,42103,0.5,False,False,0.0,True
2,42130,0.5333333333333333,False,False,0.0,True
2,42301,0.4666666666666667,False,False,0.0,True
2,42310,0.43333333333333335,False,False,0.0,True
2,43012,0.6333333333333333,False,False,0.0,True
2,43021,0.6,False,False,0.0,True
2,43102,0.4,False,False,0.0,True
2,43120,0.43333333333333335,False,False,0.0,True
2,43201,0.5,False,False,0.0,True
2,43210,0.4666666666666667,False,False,0.0,True
3,01234,1.0,True,True,1.0,True
3,01243,0.6333333333333333,False,False,0.0,True
3,01324,0.7666666666666667,False,False,0.0,True
3,01342,0.6,False,False,0.0,True
3,01423,0.6,False,False,0.0,True
3,01432,0.5666666666666667,False,False,0.0,True
3,02134,0.43333333333333335,False,False,0.0,True
3,02143,0.4666666666666667,False,False,0.0,True
3,02314,0.4666666666666667,False,False,0.0,True
3,02341,0.43333333333333335,False,False,0.0,True
3,02413,0.6333333333333333,False,False,0.0,True
3,02431,0.4666666666666667,False,False,0.0,True
3,03124,0.4666666666666667,False,False,0.0,True
3,03142,0.6333333333333333,False,False,0.0,True
3,03214,0.5666666666666667,False,False,0.0,True
3,03241,0.6,False,False,0.0,True
3,03412,0.8,False,False,0.0,True
3,03421,0.5666666666666667,False,False,0.0,True
3,04123,0.43333333333333335,False,False,0.0,True
3,04132,0.4666666666666667,False,False,0.0,True
3,04213,0.6,False,False,0.0,True
3,04231,0.7666666666666667,False,False,0.0,True
3,04312,0.5666666666666667,False,False,0.0,True
3,04321,0.6,False,False,0.0,True
3,10234,0.9,False,False,0.0,True
3,10243,0.6666666666666666,False,False,0.0,True
3,10324,0.6666666666666666,False,False,0.0,True
3,10342,0.6333333333333333,False,False,0.0,True
3,10423,0.6333333333333333,False,False,0.0,True
3,10432,0.6,False,False,0.0,True
3,12034,0.4,False,False,0.0,True
3,12043,0.43333333333333335,False,False,0.0,True
3,12304,0.5,False,False,0.0,True
3,12340,0.4,False,False,0.0,True
3,12403,0.5333333333333333,False,False,0.0,True
3,12430,0.43333333333333335,False,False,0.0,True
3,13024,0.43333333333333335,False,False,0.0,True
3,13042,0.6,False,False,0.0,True
3,13204,0.6,False,False,0.0,True
3,13240,0.5666666666666667,False,False,0.0,True
3,13402,0.7,False,False,0.0,True
3,13420,0.5333333333333333,False,False,0.0,True
3,14023,0.4,False,False,0.0,True
3,14032,0.43333333333333335,False,False,0.0,True
3,14203,0.6333333333333333,False,False,0.0,True
3,14230,0.7333333333333333,False,False,0.0,True
3,14302,0.6,False,False,0.0,True
3,14320,0.5666666666666667,False,False,0.0,True
3,20134,0.4,False,False,0.0,True
3,20143,0.43333333333333335,False,False,0.0,True
3,20314,0.43333333333333335,False,False,0.0,True
3,20341,0.4,False,False,0.0,True
3,20413,0.6,False,False,0.0,True
3,20431,0.43333333333333335,False,False,0.0,True
3,21034,0.36666666666666664,False,False,0.0,True
3,21043,0.4,False,False,0.0,True
3,21304,0.4666666666666667,False,False,0.0,True
3,21340,0.36666666666666664,False,False,0.0,True
3,21403,0.5,False,False,0.0,True
3,21430,0.4,False,False,0.0,True
3,23014,0.3333333333333333,False,False,0.0,True
3,23041,0.3,False,False,0.0,True
3,23104,0.36666666666666664,False,False,0.0,True
3,23140,0.4,False,False,0.0,True
3,23401,0.4,False,False,0.0,True
3,23410,0.5,False,False,0.0,True
3,24013,0.3,False,False,0.0,True
3,24031,0.26666666666666666,False,False,0.0,True
3,24103,0.3333333333333333,False,False,0.0,True
3,24130,0.23333333333333334,False,False,0.0,True
3,24301,0.36666666666666664,False,False,0.0,True
3,24310,0.3333333333333333,False,False,0.0,True
3,30124,0.5,False,False,0.0,True
3,30142,0.5333333333333333,False,False,0.0,True
3,30214,0.6,False,False,0.0,True
3,30241,0.6333333333333333,False,False,0.0,True
3,30412,0.7,False,False,0.0,True
3,30421,0.6,False,False,0.0,True
3,31024,0.4666666666666667,False,False,0.0,True
3,31042,0.5,False,False,0.0,True
3,31204,0.6333333333333333,False,False,0.0,True
3,31240,0.6,False,False,0.0,True
3,31402,0.6,False,False,0.0,True
3,31420,0.5666666666666667,False,False,0.0,True
3,32014,0.36666666666666664,False,False,0.0,True
3,32041,0.3333333333333333,False,False,0.0,True
3,32104,0.4,False,False,0.0,True
3,32140,0.43333333333333335,False,False,0.0,True
3,32401,0.43333333333333335,False,False,0.0,True
3,32410,0.5333333333333333,False,False,0.0,True
3,34012,0.4,False,False,0.0,True
3,34021,0.36666666666666664,False,False,0.0,True
3,34102,0.43333333333333335,False,False,0.0,True
3,34120,0.3333333333333333,False,False,0.0,True
3,34201,0.5333333333333333,False,False,0.0,True
3,34210,0.5,False,False,0.0,True
3,40123,0.4,False,False,0.0,True
3,40132,0.43333333333333335,False,False,0.0,True
3,40213,0.5666666666666667,False,False,0.0,True
3,40231,0.7333333333333333,False,False,0.0,True
3,40312,0.5333333333333333,False,False,0.0,True
3,40321,0.5666666666666667,False,False,0.0,True
3,41023,0.36666666666666664,False,False,0.0,True
3,41032,0.4,False,False,0.0,True
3,41203,0.6,False,False,0.0,True
3,41230,0.7,False,False,0.0,True
3,41302,0.5666666666666667,False,False,0.0,True
3,41320,0.5333333333333333,False,False,0.0,True
3,42013,0.4,False,False,0.0,True
3,42031,0.23333333333333334,False,False,0.0,True
3,42103,0.43333333333333335,False,False,0.0,True
3,42130,0.2,False,False,0.0,True
3,42301,0.3333333333333333,False,False,0.0,True
3,42310,0.3,False,False,0.0,True
3,43012,0.5,False,False,0.0,True
3,43021,0.3333333333333333,False,False,0.0,True
3,43102,0.5333333333333333,False,False,0.0,True
3,43120,0.3,False,False,0.0,True
3,43201,0.5,False,False,0.0,True
3,43210,0.4666666666666667,False,False,0.0,True
4,01234,1.0,True,True,1.0,True
4,01243,0.36666666666666664,False,False,0.0,True
4,01324,0.43333333333333335,False,False,0.0,True
4,01342,0.4,False,False,0.0,True
4,01423,0.4,False,False,0.0,True
4,01432,0.9,False,False,0.5,True
4,02134,0.7,False,False,0.0,True
4,02143,0.6,False,False,0.0,True
4,02314,0.4666666666666667,False,False,0.0,True
4,02341,0.5666666666666667,False,False,0.0,True
4,02413,0.43333333333333335,False,False,0.0,True
4,02431,0.6666666666666666,False,False,0.0,True
4,03124,0.4666666666666667,False,False,0.0,True
4,03142,0.43333333333333335,False,False,0.0,True
4,03214,0.7,False,False,0.0,True
4,03241,0.4,False,False,0.0,True
4,03412,0.6,False,False,0.0,True
4,03421,0.43333333333333335,False,False,0.0,True
4,04123,0.5666666666666667,False,False,0.0,True
4,04132,0.6666666666666666,False,False,0.0,True
4,04213,0.4,False,False,0.0,True
4,04231,0.6333333333333333,False,False,0.0,True
4,04312,0.43333333333333335,False,False,0.0,True
4,04321,0.5333333333333333,False,False,0.0,True
4,10234,0.6333333333333333,False,False,0.0,True
4,10243,0.3333333333333333,False,False,0.0,True
4,10324,0.4,False,False,0.0,True
4,10342,0.36666666666666664,False,False,0.0,True
4,10423,0.36666666666666664,False,False,0.0,True
4,10432,0.5333333333333333,False,False,0.0,True
4,12034,0.4666666666666667,False,False,0.0,True
4,12043,0.5666666666666667,False,False,0.0,True
4,12304,0.36666666666666664,False,False,0.0,True
4,12340,0.6666666666666666,False,False,0.0,True
4,12403,0.3333333333333333,False,False,0.0,True
4,12430,0.5,False,False,0.0,True
4,13024,0.43333333333333335,False,False,0.0,True
4,13042,0.4,False,False,0.0,True
4,13204,0.6666666666666666,False,False,0.0,True
4,13240,0.43333333333333335,False,False,0.0,True
4,13402,0.5666666666666667,False,False,0.0,True
4,13420,0.4666666666666667,False,False,0.0,True
4,14023,0.5333333333333333,False,False,0.0,True
4,14032,0.43333333333333335,False,False,0.0,True
4,14203,0.3,False,False,0.0,True
4,14230,0.4666666666666667,False,False,0.0,True
4,14302,0.3333333333333333,False,False,0.0,True
4,14320,0.6333333333333333,False,False,0.0,True
4,20134,0.4666666666666667,False,False,0.0,True
4,20143,0.5666666666666667,False,False,0.0,True
4,20314,0.43333333333333335,False,False,0.0,True
4,20341,0.5333333333333333,False,False,0.0,True
4,20413,0.4,False,False,0.0,True
4,20431,0.43333333333333335,False,False,0.0,True
4,21034,0.36666666666666664,False,False,0.0,True
4,21043,0.7333333333333333,False,False,0.0,True
4,21304,0.3333333333333333,False,False,0.0,True
4,21340,0.8333333333333334,False,False,0.0,True
4,21403,0.3,False,False,0.0,True
4,21430,0.4,False,False,0.0,True
4,23014,0.4666666666666667,False,False,0.0,True
4,23041,0.5666666666666667,False,False,0.0,True
4,23104,0.5,False,False,0.0,True
4,23140,0.6,False,False,0.0,True
4,23401,0.4666666666666667,False,False,0.0,True
4,23410,0.5,False,False,0.0,True
4,24013,0.5666666666666667,False,False,0.0,True
4,24031,0.3333333333333333,False,False,0.0,True
4,24103,0.4,False,False,0.0,True
4,24130,0.36666666666666664,False,False,0.0,True
4,24301,0.36666666666666664,False,False,0.0,True
4,24310,0.6666666666666666,False,False,0.0,True
4,30124,0.36666666666666664,False,False,0.0,True
4,30142,0.3333333333333333,False,False,0.0,True
4,30214,0.6666666666666666,False,False,0.0,True
4,30241,0.3,False,False,0.0,True
4,30412,0.5666666666666667,False,False,0.0,True
4,30421,0.3333333333333333,False,False,0.0,True
4,31024,0.3333333333333333,False,False,0.0,True
4,31042,0.3,False,False,0.0,True
4,31204,0.7666666666666667,False,False,0.0,True
4,31240,0.3333333333333333,False,False,0.0,True
4,31402,0.6666666666666666,False,False,0.0,True
4,31420,0.36666666666666664,False,False,0.0,True
4,32014,0.5,False,False,0.0,True
4,32041,0.4,False,False,0.0,True
4,32104,0.6,False,False,0.0,True
4,32140,0.43333333333333335,False,False,0.0,True
4,32401,0.5666666666666667,False,False,0.0,True
4,32410,0.5333333333333333,False,False,0.0,True
4,34012,0.4666666666666667,False,False,0.0,True
4,34021,0.36666666666666664,False,False,0.0,True
4,34102,0.5666666666666667,False,False,0.0,True
4,34120,0.4,False,False,0.0,True
4,34201,0.5333333333333333,False,False,0.0,True
4,34210,0.5,False,False,0.0,True
4,40123,0.6666666666666666,False,False,0.0,True
4,40132,0.5,False,False,0.0,True
4,40213,0.43333333333333335,False,False,0.0,True
4,40231,0.4666666666666667,False,False,0.0,True
4,40312,0.4666666666666667,False,False,0.0,True
4,40321,0.6333333333333333,False,False,0.0,True
4,41023,0.8333333333333334,False,False,0.0,True
4,41032,0.4,False,False,0.0,True
4,41203,0.3333333333333333,False,False,0.0,True
4,41230,0.43333333333333335,False,False,0.0,True
4,41302,0.36666666666666664,False,False,0.0,True
4,41320,0.9333333333333333,False,False,0.0,True
4,42013,0.6,False,False,0.0,True
4,42031,0.36666666666666664,False,False,0.0,True
4,42103,0.43333333333333335,False,False,0.0,True
4,42130,0.4,False,False,0.0,True
4,42301,0.4,False,False,0.0,True
4,42310,0.7,False,False,0.0,True
4,43012,0.5,False,False,0.0,True
4,43021,0.6666666666666666,False,False,0.0,True
4,43102,0.5333333333333333,False,False,0.0,True
4,43120,0.7,False,False,0.0,True
4,43201,0.5,False,False,0.0,True
4,43210,0.5333333333333333,False,False,0.0,True
5,01234,1.0,True,True,1.0,True
5,01243,0.7,False,False,0.0,True
5,01324,0.7666666666666667,False,False,0.0,True
5,01342,0.6666666666666666,False,False,0.0,True
5,01423,0.6666666666666666,False,False,0.0,True
5,01432,0.7,False,False,0.0,True
5,02134,0.6333333333333333,False,False,0.0,True
5,02143,0.6666666666666666,False,False,0.0,True
5,02314,0.6,False,False,0.0,True
5,02341,0.5,False,False,0.0,True
5,02413,0.7,False,False,0.0,True
5,02431,0.5333333333333333,False,False,0.0,True
5,03124,0.6,False,False,0.0,True
5,03142,0.7,False,False,0.0,True
5,03214,0.6333333333333333,False,False,0.0,True
5,03241,0.6,False,False,0.0,True
5,03412,0.7333333333333333,False,False,0.0,True
5,03421,0.5666666666666667,False,False,0.0,True
5,04123,0.5,False,False,0.0,True
5,04132,0.5333333333333333,False,False,0.0,True
5,04213,0.6,False,False,0.0,True
5,04231,0.6333333333333333,False,False,0.0,True
5,04312,0.5666666666666667,False,False,0.0,True
5,04321,0.5333333333333333,False,False,0.0,True
5,10234,0.7666666666666667,False,False,0.5,True
5,10243,0.7333333333333333,False,False,0.0,True
5,10324,0.8666666666666667,False,False,0.0,True
5,10342,0.7,False,False,0.0,True
5,10423,0.7,False,False,0.0,True
5,10432,0.6,False,False,0.0,True
5,12034,0.5333333333333333,False,False,0.0,True
5,12043,0.5666666666666667,False,False,0.0,True
5,12304,0.5666666666666667,False,False,0.0,True
5,12340,0.4666666666666667,False,False,0.0,True
5,12403,0.6,False,False,0.0,True
5,12430,0.43333333333333335,False,False,0.0,True
5,13024,0.5,False,False,0.0,True
5,13042,0.6666666666666666,False,False,0.0,True
5,13204,0.6,False,False,0.0,True
5,13240,0.5666666666666667,False,False,0.0,True
5,13402,0.6333333333333333,False,False,0.0,True
5,13420,0.5333333333333333,False,False,0.0,True
5,14023,0.4,False,False,0.0,True
5,14032,0.5,False,False,0.0,True
5,14203,0.5,False,False,0.0,True
5,14230,0.4666666666666667,False,False,0.0,True
5,14302,0.6,False,False,0.0,True
5,14320,0.5,False,False,0.0,True
5,20134,0.5333333333333333,False,False,0.0,True
5,20143,0.5666666666666667,False,False,0.0,True
5,20314,0.5,False,False,0.0,True
5,20341,0.4,False,False,0.0,True
5,20413,0.6666666666666666,False,False,0.0,True
5,20431,0.5,False,False,0.0,True
5,21034,0.5,False,False,0.0,True
5,21043,0.4666666666666667,False,False,0.0,True
5,21304,0.5333333333333333,False,False,0.0,True
5,21340,0.36666666666666664,False,False,0.0,True
5,21403,0.5,False,False,0.0,True
5,21430,0.4666666666666667,False,False,0.0,True
5,23014,0.4,False,False,0.0,True
5,23041,0.3,False,False,0.0,True
5,23104,0.36666666666666664,False,False,0.0,True
5,23140,0.3333333333333333,False,False,0.0,True
5,23401,0.3333333333333333,False,False,0.0,True
5,23410,0.43333333333333335,False,False,0.0,True
5,24013,0.3,False,False,0.0,True
5,24031,0.4,False,False,0.0,True
5,24103,0.26666666666666666,False,False,0.0,True
5,24130,0.3,False,False,0.0,True
5,24301,0.36666666666666664,False,False,0.0,True
5,24310,0.2,False,False,0.0,True
5,30124,0.5666666666666667,False,False,0.0,True
5,30142,0.6,False,False,0.0,True
5,30214,0.6,False,False,0.0,True
5,30241,0.5,False,False,0.0,True
5,30412,0.6333333333333333,False,False,0.0,True
5,30421,0.6,False,False,0.0,True
5,31024,0.5333333333333333,False,False,0.0,True
5,31042,0.5,False,False,0.0,True
5,31204,0.6333333333333333,False,False,0.0,True
5,31240,0.4,False,False,0.0,True
5,31402,0.6666666666666666,False,False,0.0,True
5,31420,0.5666666666666667,False,False,0.0,True
5,32014,0.36666666666666664,False,False,0.0,True
5,32041,0.26666666666666666,False,False,0.0,True
5,32104,0.5333333333333333,False,False,0.0,True
5,32140,0.3,False,False,0.0,True
5,32401,0.43333333333333335,False,False,0.0,True
5,32410,0.4,False,False,0.0,True
5,34012,0.3333333333333333,False,False,0.0,True
5,34021,0.36666666666666664,False,False,0.0,True
5,34102,0.43333333333333335,False,False,0.0,True
5,34120,0.4,False,False,0.0,True
5,34201,0.3333333333333333,False,False,0.0,True
5,34210,0.36666666666666664,False,False,0.0,True
5,40123,0.4666666666666667,False,False,0.0,True
5,40132,0.43333333333333335,False,False,0.0,True
5,40213,0.5666666666666667,False,False,0.0,True
5,40231,0.4666666666666667,False,False,0.0,True
5,40312,0.5333333333333333,False,False,0.0,True
5,40321,0.5,False,False,0.0,True
5,41023,0.36666666666666664,False,False,0.0,True
5,41032,0.4666666666666667,False,False,0.0,True
5,41203,0.4,False,False,0.0,True
5,41230,0.36666666666666664,False,False,0.0,True
5,41302,0.5666666666666667,False,False,0.0,True
5,41320,0.4,False,False,0.0,True
5,42013,0.3333333333333333,False,False,0.0,True
5,42031,0.3,False,False,0.0,True
5,42103,0.3,False,False,0.0,True
5,42130,0.06666666666666667,False,False,0.0,True
5,42301,0.4,False,False,0.0,True
5,42310,0.3,False,False,0.0,True
5,43012,0.43333333333333335,False,False,0.0,True
5,43021,0.2,False,False,0.0,True
5,43102,0.4,False,False,0.0,True
5,43120,0.3,False,False,0.0,True
5,43201,0.36666666666666664,False,False,0.0,True
5,43210,0.4,False,False,0.0,True
6,01234,1.0,True,True,1.0,True
6,01243,0.5,False,False,0.0,True
6,01324,0.9,False,False,0.5,True
6,01342,0.5333333333333333,False,False,0.0,True
6,01423,0.5333333333333333,False,False,0.0,True
6,01432,0.5666666666666667,False,False,0.0,True
6,02134,0.43333333333333335,False,False,0.0,True
6,02143,0.5333333333333333,False,False,0.0,True
6,02314,0.4666666666666667,False,False,0.0,True
6,02341,0.3,False,False,0.0,True
6,02413,0.6333333333333333,False,False,0.0,True
6,02431,0.3333333333333333,False,False,0.0,True
6,03124,0.4666666666666667,False,False,0.0,True
6,03142,0.6333333333333333,False,False,0.0,True
6,03214,0.5,False,False,0.0,True
6,03241,0.3333333333333333,False,False,0.0,True
6,03412,0.7333333333333333,False,False,0.0,True
6,03421,0.36666666666666664,False,False,0.0,True
6,04123,0.3,False,False,0.0,True
6,04132,0.3333333333333333,False,False,0.0,True
6,04213,0.3333333333333333,False,False,0.0,True
6,04231,0.5666666666666667,False,False,0.0,True
6,04312,0.36666666666666664,False,False,0.0,True
6,04321,0.4666666666666667,False,False,0.0,True
6,10234,0.7666666666666667,False,False,0.0,True
6,10243,0.4,False,False,0.0,True
6,10324,0.6666666666666666,False,False,0.0,True
6,10342,0.43333333333333335,False,False,0.0,True
6,10423,0.43333333333333335,False,False,0.0,True
6,10432,0.4666666666666667,False,False,0.0,True
6,12034,0.4666666666666667,False,False,0.0,True
6,12043,0.6333333333333333,False,False,0.0,True
6,12304,0.5,False,False,0.0,True
6,12340,0.3333333333333333,False,False,0.0,True
6,12403,0.6,False,False,0.0,True
6,12430,0.36666666666666664,False,False,0.0,True
6,13024,0.5,False,False,0.0,True
6,13042,0.7333333333333333,False,False,0.0,True
6,13204,0.5333333333333333,False,False,0.0,True
6,13240,0.36666666666666664,False,False,0.0,True
6,13402,0.7,False,False,0.0,True
6,13420,0.4,False,False,0.0,True
6,14023,0.26666666666666666,False,False,0.0,True
6,14032,0.3,False,False,0.0,True
6,14203,0.3,False,False,0.0,True
6,14230,0.5333333333333333,False,False,0.0,True
6,14302,0.3333333333333333,False,False,0.0,True
6,14320,0.43333333333333335,False,False,0.0,True
6,20134,0.4666666666666667,False,False,0.0,True
6,20143,0.6333333333333333,False,False,0.0,True
6,20314,0.5,False,False,0.0,True
6,20341,0.26666666666666666,False,False,0.0,True
6,20413,0.7333333333333333,False,False,0.0,True
6,20431,0.3,False,False,0.0,True
6,21034,0.5666666666666667,False,False,0.0,True
6,21043,0.7333333333333333,False,False,0.0,True
6,21304,0.6,False,False,0.0,True
6,21340,0.43333333333333335,False,False,0.0,True
6,21403,0.7,False,False,0.0,True
6,21430,0.4666666666666667,False,False,0.0,True
6,23014,0.3333333333333333,False,False,0.0,True
6,23041,0.5,False,False,0.0,True
6,23104,0.23333333333333334,False,False,0.0,True
6,23140,0.5333333333333333,False,False,0.0,True
6,23401,0.4666666666666667,False,False,0.0,True
6,23410,0.6333333333333333,False,False,0.0,True
6,24013,0.5,False,False,0.0,True
6,24031,0.5333333333333333,False,False,0.0,True
6,24103,0.4,False,False,0.0,True
6,24130,0.5666666666666667,False,False,0.0,True
6,24301,0.5666666666666667,False,False,0.0,True
6,24310,0.6,False,False,0.0,True
6,30124,0.5,False,False,0.0,True
6,30142,0.6,False,False,0.0,True
6,30214,0.5333333333333333,False,False,0.0,True
6,30241,0.3,False,False,0.0,True
6,30412,0.7,False,False,0.0,True
6,30421,0.3333333333333333,False,False,0.0,True
6,31024,0.6,False,False,0.0,True
6,31042,0.7,False,False,0.0,True
6,31204,0.6333333333333333,False,False,0.0,True
6,31240,0.4666666666666667,False,False,0.0,True
6,31402,0.6666666666666666,False,False,0.0,True
6,31420,0.5,False,False,0.0,True
6,32014,0.23333333333333334,False,False,0.0,True
6,32041,0.4,False,False,0.0,True
6,32104,0.13333333333333333,False,False,0.0,True
6,32140,0.43333333333333335,False,False,0.0,True
6,32401,0.36666666666666664,False,False,0.0,True
6,32410,0.5333333333333333,False,False,0.0,True
6,34012,0.4666666666666667,False,False,0.0,True
6,34021,0.5666666666666667,False,False,0.0,True
6,34102,0.36666666666666664,False,False,0.0,True
6,34120,0.6,False,False,0.0,True
6,34201,0.6,False,False,0.0,True
6,34210,0.6333333333333333,False,False,0.0,True
6,40123,0.3333333333333333,False,False,0.0,True
6,40132,0.36666666666666664,False,False,0.0,True
6,40213,0.36666666666666664,False,False,0.0,True
6,40231,0.5333333333333333,False,False,0.0,True
6,40312,0.4,False,False,0.0,True
6,40321,0.43333333333333335,False,False,0.0,True
6,41023,0.43333333333333335,False,False,0.0,True
6,41032,0.4666666666666667,False,False,0.0,True
6,41203,0.4666666666666667,False,False,0.0,True
6,41230,0.6333333333333333,False,False,0.0,True
6,41302,0.5,False,False,0.0,True
6,41320,0.5333333333333333,False,False,0.0,True
6,42013,0.5333333333333333,False,False,0.0,True
6,42031,0.5666666666666667,False,False,0.0,True
6,42103,0.43333333333333335,False,False,0.0,True
6,42130,0.5333333333333333,False,False,0.0,True
6,42301,0.6,False,False,0.0,True
6,42310,0.5666666666666667,False,False,0.0,True
6,43012,0.6333333333333333,False,False,0.0,True
6,43021,0.6,False,False,0.0,True
6,43102,0.5333333333333333,False,False,0.0,True
6,43120,0.5666666666666667,False,False,0.0,True
6,43201,0.6333333333333333,False,False,0.0,True
6,43210,0.6,False,False,0.0,True
7,01234,1.0,True,True,1.0,True
7,01243,0.43333333333333335,False,False,0.0,True
7,01324,0.7,False,False,0.5,True
7,01342,0.4,False,False,0.0,True
7,01423,0.4,False,False,0.0,True
7,01432,0.5,False,False,0.0,True
7,02134,0.5666666666666667,False,False,0.0,True
7,02143,0.4,False,False,0.0,True
7,02314,0.5333333333333333,False,False,0.0,True
7,02341,0.36666666666666664,False,False,0.0,True
7,02413,0.43333333333333335,False,False,0.0,True
7,02431,0.4,False,False,0.0,True
7,03124,0.5333333333333333,False,False,0.0,True
7,03142,0.43333333333333335,False,False,0.0,True
7,03214,0.7,False,False,0.0,True
7,03241,0.4666666666666667,False,False,0.0,True
7,03412,0.6,False,False,0.0,True
7,03421,0.43333333333333335,False,False,0.0,True
7,04123,0.36666666666666664,False,False,0.0,True
7,04132,0.4,False,False,0.0,True
7,04213,0.4666666666666667,False,False,0.0,True
7,04231,0.6333333333333333,False,False,0.0,True
7,04312,0.43333333333333335,False,False,0.0,True
7,04321,0.5333333333333333,False,False,0.0,True
7,10234,0.7666666666666667,False,False,0.0,True
7,10243,0.26666666666666666,False,False,0.0,True
7,10324,0.7333333333333333,False,False,0.0,True
7,10342,0.43333333333333335,False,False,0.0,True
7,10423,0.43333333333333335,False,False,0.0,True
7,10432,0.5333333333333333,False,False,0.0,True
7,12034,0.5333333333333333,False,False,0.0,True
7,12043,0.36666666666666664,False,False,0.0,True
7,12304,0.5666666666666667,False,False,0.0,True
7,12340,0.4,False,False,0.0,True
7,12403,0.6,False,False,0.0,True
7,12430,0.5,False,False,0.0,True
7,13024,0.43333333333333335,False,False,0.0,True
7,13042,0.6,False,False,0.0,True
7,13204,0.5333333333333333,False,False,0.0,True
7,13240,0.5,False,False,0.0,True
7,13402,0.7,False,False,0.0,True
7,13420,0.4666666666666667,False,False,0.0,True
7,14023,0.26666666666666666,False,False,0.0,True
7,14032,0.5,False,False,0.0,True
7,14203,0.36666666666666664,False,False,0.0,True
7,14230,0.7333333333333333,False,False,0.0,True
7,14302,0.4666666666666667,False,False,0.0,True
7,14320,0.5666666666666667,False,False,0.0,True
7,20134,0.5333333333333333,False,False,0.0,True
7,20143,0.36666666666666664,False,False,0.0,True
7,20314,0.43333333333333335,False,False,0.0,True
7,20341,0.26666666666666666,False,False,0.0,True
7,20413,0.6,False,False,0.0,True
7,20431,0.5,False,False,0.0,True
7,21034,0.6333333333333333,False,False,0.0,True
7,21043,0.5333333333333333,False,False,0.0,True
7,21304,0.4666666666666667,False,False,0.0,True
7,21340,0.3,False,False,0.0,True
7,21403,0.6333333333333333,False,False,0.0,True
7,21430,0.4666666666666667,False,False,0.0,True
7,23014,0.6666666666666666,False,False,0.0,True
7,23041,0.5666666666666667,False,False,0.0,True
7,23104,0.6333333333333333,False,False,0.0,True
7,23140,0.4666666666666667,False,False,0.0,True
7,23401,0.6666666666666666,False,False,0.0,True
7,23410,0.5666666666666667,False,False,0.0,True
7,24013,0.5666666666666667,False,False,0.0,True
7,24031,0.4666666666666667,False,False,0.0,True
7,24103,0.4666666666666667,False,False,0.0,True
7,24130,0.36666666666666664,False,False,0.0,True
7,24301,0.3,False,False,0.0,True
7,24310,0.26666666666666666,False,False,0.0,True
7,30124,0.5666666666666667,False,False,0.0,True
7,30142,0.6,False,False,0.0,True
7,30214,0.5333333333333333,False,False,0.0,True
7,30241,0.36666666666666664,False,False,0.0,True
7,30412,0.7,False,False,0.0,True
7,30421,0.4666666666666667,False,False,0.0,True
7,31024,0.4666666666666667,False,False,0.0,True
7,31042,0.6333333333333333,False,False,0.0,True
7,31204,0.43333333333333335,False,False,0.0,True
7,31240,0.3333333333333333,False,False,0.0,True
7,31402,0.8,False,False,0.0,True
7,31420,0.5,False,False,0.0,True
7,32014,0.6333333333333333,False,False,0.0,True
7,32041,0.4666666666666667,False,False,0.0,True
7,32104,0.5333333333333333,False,False,0.0,True
7,32140,0.43333333333333335,False,False,0.0,True
7,32401,0.6333333333333333,False,False,0.0,True
7,32410,0.5333333333333333,False,False,0.0,True
7,34012,0.6666666666666666,False,False,0.0,True
7,34021,0.3,False,False,0.0,True
7,34102,0.6333333333333333,False,False,0.0,True
7,34120,0.4666666666666667,False,False,0.0,True
7,34201,0.26666666666666666,False,False,0.0,True
7,34210,0.43333333333333335,False,False,0.0,True
7,40123,0.4,False,False,0.0,True
7,40132,0.5,False,False,0.0,True
7,40213,0.5,False,False,0.0,True
7,40231,0.7333333333333333,False,False,0.0,True
7,40312,0.4666666666666667,False,False,0.0,True
7,40321,0.5666666666666667,False,False,0.0,True
7,41023,0.3,False,False,0.0,True
7,41032,0.4666666666666667,False,False,0.0,True
7,41203,0.3333333333333333,False,False,0.0,True
7,41230,0.7,False,False,0.0,True
7,41302,0.5,False,False,0.0,True
7,41320,0.6,False,False,0.0,True
7,42013,0.4666666666666667,False,False,0.0,True
7,42031,0.36666666666666664,False,False,0.0,True
7,42103,0.43333333333333335,False,False,0.0,True
7,42130,0.4,False,False,0.0,True
7,42301,0.4666666666666667,False,False,0.0,True
7,42310,0.43333333333333335,False,False,0.0,True
7,43012,0.5666666666666667,False,False,0.0,True
7,43021,0.26666666666666666,False,False,0.0,True
7,43102,0.5333333333333333,False,False,0.0,True
7,43120,0.43333333333333335,False,False,0.0,True
7,43201,0.43333333333333335,False,False,0.0,True
7,43210,0.6,False,False,0.0,True
